{"cameraMode":{"drawMode":0,"name":"Shaded","section":"Shading Mode"},"sceneLighting":true,"audioPlay":false,"sceneViewState":{"showFog":true,"showMaterialUpdate":false,"showSkybox":true,"showFlares":true,"showImageEffects":true,"showParticleSystems":true},"in2DMode":false,"pivot":{"x":-70.3499984741211,"y":0.5199999809265137,"z":-72.34500122070313},"rotation":{"x":0.3323965072631836,"y":0.41747915744781496,"z":-0.16735608875751496,"w":0.8290274739265442},"size":48.159210205078128,"orthographic":false}