{"cameraMode":{"drawMode":0,"name":"Shaded","section":"Shading Mode"},"sceneLighting":true,"audioPlay":false,"sceneViewState":{"showFog":true,"showMaterialUpdate":false,"showSkybox":true,"showFlares":true,"showImageEffects":true,"showParticleSystems":true},"in2DMode":false,"pivot":{"x":225.60348510742188,"y":187.28797912597657,"z":157.62728881835938},"rotation":{"x":-0.0026904866099357607,"y":0.0014943574788048864,"z":0.000012739772500935942,"w":1.0000300407409669},"size":709.3310546875,"orthographic":false}