{"cameraMode":{"drawMode":0,"name":"Shaded","section":"Shading Mode"},"sceneLighting":true,"audioPlay":false,"sceneViewState":{"showFog":true,"showMaterialUpdate":false,"showSkybox":true,"showFlares":true,"showImageEffects":true,"showParticleSystems":true},"in2DMode":false,"pivot":{"x":-18.749858856201173,"y":11.98427963256836,"z":6.850025177001953},"rotation":{"x":0.23057745397090913,"y":-0.6625896096229553,"z":0.22608928382396699,"w":0.6758409142494202},"size":384.5754699707031,"orthographic":false}